﻿<?xml version="1.0" encoding="utf-8"?>
<deployment>
  <id>70a01783-5738-43e7-9a83-3e37c4330cc5</id>
  <author>N/A</author>
  <deployer>OneDeploy</deployer>
  <authorEmail>N/A</authorEmail>
  <message>N/A</message>
  <progress></progress>
  <status>Success</status>
  <statusText></statusText>
  <lastSuccessEndTime>2025-08-20T21:50:49.868124Z</lastSuccessEndTime>
  <receivedTime>2025-08-20T21:50:26.6253563Z</receivedTime>
  <startTime>2025-08-20T21:50:28.8179303Z</startTime>
  <endTime>2025-08-20T21:50:49.868124Z</endTime>
  <complete>True</complete>
  <is_temp>False</is_temp>
  <is_readonly>True</is_readonly>
  <buildSummary />
</deployment>