﻿<?xml version="1.0" encoding="utf-8"?>
<deployment>
  <id>269ac99c-4144-4ded-b144-3b5ae34e8cf2</id>
  <author>N/A</author>
  <deployer>OneDeploy</deployer>
  <authorEmail>N/A</authorEmail>
  <message>N/A</message>
  <progress></progress>
  <status>Success</status>
  <statusText></statusText>
  <lastSuccessEndTime>2025-08-20T21:56:47.2283966Z</lastSuccessEndTime>
  <receivedTime>2025-08-20T21:56:40.7124004Z</receivedTime>
  <startTime>2025-08-20T21:56:42.062319Z</startTime>
  <endTime>2025-08-20T21:56:47.2283966Z</endTime>
  <complete>True</complete>
  <is_temp>False</is_temp>
  <is_readonly>True</is_readonly>
  <buildSummary />
</deployment>