<step title="Incoming Request" date="2025-08-20T21:48:14.225" instance="2c847a" url="/api/publish?type=zip" method="POST" type="request" pid="821,1,18" Accept="*/*" Host="enamel-georgia-api.scm.azurewebsites.net" User-Agent="AZURECLI/2.74.0 (HOMEBREW)" Accept-Encoding="gzip, deflate" Authorization="Bas..." Cache-Control="no-cache" Content-Type="application/octet-stream" Cookie="ARRAffinity=2c847a802c8040b33d7df73fac3a50614d8069754a88be4922fa1677ca17ce3d; ARRAffinitySameSite=2c847a802c8040b33d7df73fac3a50614d8069754a88be4922fa1677ca17ce3d" Content-Length="155283" x-ms-client-request-id="5a0da2bc-7e0f-11f0-843b-de9a4dfc69bb" x-ms-artifact-checksum="fe88319bdb0775c72c5fee3a714cca9b91172e951fdf67e66aa3f302d8ec2b55" X-ARR-LOG-ID="5a0da2bc-7e0f-11f0-843b-de9a4dfc69bb" CLIENT-IP="86.245.77.77:63500" X-SITE-DEPLOYMENT-ID="enamel-georgia-api" WAS-DEFAULT-HOSTNAME="enamel-georgia-api.scm.azurewebsites.net" X-Forwarded-Proto="https" X-AppService-Proto="https" X-Forwarded-TlsVersion="1.3" X-WAWS-Unencoded-URL="/api/publish?type=zip" X-Client-IP="86.245.77.77" X-Client-Port="63500" >
  <step title="OneDeploy" date="2025-08-20T21:48:14.677" >
    <step title="None repository commit" date="2025-08-20T21:48:14.719" >
      <step title="Commit id: b89b3d59-478b-4d8c-b621-d11d8c7363b6" date="2025-08-20T21:48:14.758" Message="N/A" AuthorName="N/A" AuthorEmail="N/A" /><!-- duration: 41ms -->
    </step><!-- duration: 110ms -->
    <step title="Starting PushDeployAsync" date="2025-08-20T21:48:14.858" /><!-- duration: 41ms -->
    <step title="Writing artifact to /tmp/zipdeploy/ee17913e-b600-49c7-bca1-b19ce6bb73be.zip" date="2025-08-20T21:48:14.930" >
      <step title="Writing multipart request body to /tmp/zipdeploy/ee17913e-b600-49c7-bca1-b19ce6bb73be.zip" date="2025-08-20T21:48:14.950" /><!-- duration: 79ms -->
    </step><!-- duration: 239ms -->
    <step title="None repository commit" date="2025-08-20T21:48:15.230" >
      <step title="Commit id: b89b3d59-478b-4d8c-b621-d11d8c7363b6" date="2025-08-20T21:48:15.260" Message="N/A" AuthorName="N/A" AuthorEmail="N/A" /><!-- duration: 11ms -->
    </step><!-- duration: 72ms -->
    <step title="Attempting to fetch target branch HEAD" date="2025-08-20T21:48:15.321" /><!-- duration: 30ms -->
    <step title="Acquiring Deployment Lock" date="2025-08-20T21:48:15.399" /><!-- duration: 20ms -->
    <step title="Cannot Acquire Deployment Lock already held" date="2025-08-20T21:48:15.451" /><!-- duration: 22ms -->
    <step title="There is a deployment currently in progress. Please try again when it completes." date="2025-08-20T21:48:15.501" /><!-- duration: 11ms -->
  </step><!-- duration: 845ms -->
  <step title="Outgoing response" date="2025-08-20T21:48:15.543" type="response" statusCode="409" statusText="Conflict" /><!-- duration: 20ms -->
</step><!-- duration: 1398ms -->
