<step title="Incoming Request" date="2025-08-20T21:46:53.640" instance="2c847a" url="/deploy?scmType=ExternalGit&amp;isAsync=true" method="POST" type="request" pid="821,1,5" Host="enamel-georgia-api.scm.azurewebsites.net" User-Agent="Azure-WebSites-Controller/105.0.7.86" Authorization="Bas..." Expect="100-continue" Content-Length="86" x-ms-request-id="f827aa50-0a51-4ba2-b268-8681c6bab401" X-ARR-LOG-ID="f827aa50-0a51-4ba2-b268-8681c6bab401" CLIENT-IP="20.49.104.9:12672" X-SITE-DEPLOYMENT-ID="enamel-georgia-api" WAS-DEFAULT-HOSTNAME="enamel-georgia-api.scm.azurewebsites.net" X-MS-PLATFORM-INTERNAL="True" X-Forwarded-Proto="https" X-AppService-Proto="https" X-Forwarded-TlsVersion="1.3" X-WAWS-Unencoded-URL="/deploy?scmType=ExternalGit&amp;isAsync=true" X-Client-IP="20.49.104.9" X-Client-Port="12672" >
  <step title="FetchHandler" date="2025-08-20T21:46:53.695" >
    <step title="GitExeRepository.Initialize" date="2025-08-20T21:46:53.805" >
      <step title="Executing external process" date="2025-08-20T21:46:53.812" type="process" path="git" arguments="init" /><!-- duration: 264ms -->
      <step title="Executing external process" date="2025-08-20T21:46:54.084" type="process" path="git" arguments="config core.autocrlf false" /><!-- duration: 29ms -->
      <step title="Executing external process" date="2025-08-20T21:46:54.117" type="process" path="git" arguments="config core.preloadindex true" /><!-- duration: 112ms -->
      <step title="Executing external process" date="2025-08-20T21:46:54.246" type="process" path="git" arguments="config user.name &quot;unknown&quot;" /><!-- duration: 60ms -->
      <step title="Executing external process" date="2025-08-20T21:46:54.311" type="process" path="git" arguments="config user.email &quot;unknown&quot;" /><!-- duration: 34ms -->
      <step title="Executing external process" date="2025-08-20T21:46:54.348" type="process" path="git" arguments="config filter.lfs.clean &quot;git-lfs clean %f&quot;" /><!-- duration: 26ms -->
      <step title="Executing external process" date="2025-08-20T21:46:54.378" type="process" path="git" arguments="config filter.lfs.smudge &quot;git-lfs smudge %f&quot;" /><!-- duration: 24ms -->
      <step title="Executing external process" date="2025-08-20T21:46:54.406" type="process" path="git" arguments="config filter.lfs.required true" /><!-- duration: 33ms -->
      <step title="Configure git server" date="2025-08-20T21:46:54.442" >
        <step title="Executing external process" date="2025-08-20T21:46:54.447" type="process" path="git" arguments="config receive.denyCurrentBranch ignore" /><!-- duration: 52ms -->
      </step><!-- duration: 61ms -->
      <step title="Create deny users for .git folder" date="2025-08-20T21:46:54.506" /><!-- duration: 31ms -->
      <step title="Configure git-credential" date="2025-08-20T21:46:54.539" >
        <step title="Executing external process" date="2025-08-20T21:46:54.560" type="process" path="git" arguments="config credential.helper &quot;!&apos;/home/site/repository/.git/hooks/git-credential-invalid.sh&apos;&quot;" /><!-- duration: 29ms -->
      </step><!-- duration: 53ms -->
      <step title="Setup post receive hook" date="2025-08-20T21:46:54.595" >
        <step title="Non-Windows enviroment, granting 755 permission to post-receive hook file" date="2025-08-20T21:46:54.614" /><!-- duration: 48ms -->
      </step><!-- duration: 87ms -->
    </step><!-- duration: 880ms -->
    <step title="Executing external process" date="2025-08-20T21:46:54.803" type="process" path="git" arguments="log -n 1 main --" >
      <step title="Process dump" date="2025-08-20T21:46:54.860" exitCode="128" type="processOutput" /><!-- duration: 3ms -->
    </step><!-- duration: 63ms -->
    <step title="Start deployment in the background" date="2025-08-20T21:46:54.870" >
      <step title="Executing external process" date="2025-08-20T21:46:54.904" type="process" path="git" arguments="rev-parse --git-dir" /><!-- duration: 20ms -->
      <step title="Executing external process" date="2025-08-20T21:46:54.930" type="process" path="git" arguments="rev-parse --git-dir" /><!-- duration: 19ms -->
      <step title="Executing external process" date="2025-08-20T21:46:54.954" type="process" path="git" arguments="log -n 1 main --" >
        <step title="Process dump" date="2025-08-20T21:46:54.982" exitCode="128" type="processOutput" /><!-- duration: 3ms -->
      </step><!-- duration: 34ms -->
      <step title="Acquiring Deployment Lock" date="2025-08-20T21:46:54.998" /><!-- duration: 3ms -->
      <step title="Acquired Deployment Lock" date="2025-08-20T21:46:55.045" /><!-- duration: 4ms -->
    </step><!-- duration: 260ms -->
  </step><!-- duration: 1440ms -->
  <step title="Outgoing response" date="2025-08-20T21:46:55.140" type="response" statusCode="202" statusText="Accepted" /><!-- duration: 3ms -->
</step><!-- duration: 1505ms -->
