<step title="Incoming Request" date="2025-08-20T21:56:36.764" instance="2c847a" url="/api/publish?type=zip" method="POST" type="request" pid="823,1,7" Accept="*/*" Host="enamel-georgia-api.scm.azurewebsites.net" User-Agent="AZURECLI/2.74.0 (HOMEBREW)" Accept-Encoding="gzip, deflate" Authorization="Bas..." Cache-Control="no-cache" Content-Type="application/octet-stream" Cookie="ARRAffinity=2c847a802c8040b33d7df73fac3a50614d8069754a88be4922fa1677ca17ce3d; ARRAffinitySameSite=2c847a802c8040b33d7df73fac3a50614d8069754a88be4922fa1677ca17ce3d" Content-Length="75096" x-ms-client-request-id="74c2656a-7e10-11f0-b934-de9a4dfc69bb" x-ms-artifact-checksum="4b255779ff7d78e22372718cef6814915786b121effef7d61983b313e4d849b5" X-ARR-LOG-ID="74c2656a-7e10-11f0-b934-de9a4dfc69bb" CLIENT-IP="86.245.77.77:49569" X-SITE-DEPLOYMENT-ID="enamel-georgia-api" WAS-DEFAULT-HOSTNAME="enamel-georgia-api.scm.azurewebsites.net" X-Forwarded-Proto="https" X-AppService-Proto="https" X-Forwarded-TlsVersion="1.3" X-WAWS-Unencoded-URL="/api/publish?type=zip" X-Client-IP="86.245.77.77" X-Client-Port="49569" >
  <step title="OneDeploy" date="2025-08-20T21:56:36.971" >
    <step title="None repository commit" date="2025-08-20T21:56:36.983" >
      <step title="Commit id: 269ac99c-4144-4ded-b144-3b5ae34e8cf2" date="2025-08-20T21:56:36.987" Message="N/A" AuthorName="N/A" AuthorEmail="N/A" /><!-- duration: 7ms -->
    </step><!-- duration: 48ms -->
    <step title="Starting PushDeployAsync" date="2025-08-20T21:56:37.035" /><!-- duration: 4ms -->
    <step title="Writing artifact to /tmp/zipdeploy/6659260a-6a1f-46a8-863e-154ac3545795.zip" date="2025-08-20T21:56:37.046" >
      <step title="Writing multipart request body to /tmp/zipdeploy/6659260a-6a1f-46a8-863e-154ac3545795.zip" date="2025-08-20T21:56:37.050" /><!-- duration: 4ms -->
    </step><!-- duration: 86ms -->
    <step title="None repository commit" date="2025-08-20T21:56:37.138" >
      <step title="Commit id: 269ac99c-4144-4ded-b144-3b5ae34e8cf2" date="2025-08-20T21:56:37.141" Message="N/A" AuthorName="N/A" AuthorEmail="N/A" /><!-- duration: 3ms -->
    </step><!-- duration: 9ms -->
    <step title="Attempting to fetch target branch HEAD" date="2025-08-20T21:56:37.151" /><!-- duration: 3ms -->
    <step title="Acquiring Deployment Lock" date="2025-08-20T21:56:37.157" /><!-- duration: 4ms -->
    <step title="Acquired Deployment Lock" date="2025-08-20T21:56:37.209" /><!-- duration: 3ms -->
    <step title="None repository commit" date="2025-08-20T21:56:37.259" >
      <step title="Commit id: 269ac99c-4144-4ded-b144-3b5ae34e8cf2" date="2025-08-20T21:56:37.275" Message="N/A" AuthorName="N/A" AuthorEmail="N/A" /><!-- duration: 3ms -->
    </step><!-- duration: 23ms -->
    <step title="Performing fetch based deployment" date="2025-08-20T21:56:37.286" >
      <step title="Creating temporary deployment" date="2025-08-20T21:56:37.290" /><!-- duration: 40ms -->
      <step title="Releasing Deployment Lock" date="2025-08-20T21:56:38.485" /><!-- duration: 6ms -->
      <step title="Cleaning up temp folders from previous zip deployments and extracting pushed zip file /tmp/zipdeploy/6659260a-6a1f-46a8-863e-154ac3545795.zip (0.07 MB) to /tmp/zipdeploy/extracted" date="2025-08-20T21:56:38.524" >
        <step title="ChmodRecursive Process exited with total time taken in ms: 60" date="2025-08-20T21:56:38.607" /><!-- duration: 12ms -->
      </step><!-- duration: 102ms -->
      <step title="None repository commit" date="2025-08-20T21:56:38.629" >
        <step title="Commit id: 269ac99c-4144-4ded-b144-3b5ae34e8cf2" date="2025-08-20T21:56:38.632" Message="OneDeploy" AuthorName="N/A" AuthorEmail="N/A" /><!-- duration: 4ms -->
      </step><!-- duration: 10ms -->
      <step title="None repository commit" date="2025-08-20T21:56:40.643" >
        <step title="Commit id: 269ac99c-4144-4ded-b144-3b5ae34e8cf2" date="2025-08-20T21:56:40.648" Message="N/A" AuthorName="N/A" AuthorEmail="N/A" /><!-- duration: 3ms -->
      </step><!-- duration: 11ms -->
      <step title="Deployment timer started" date="2025-08-20T21:56:40.658" >
        <step title="DeploymentManager.Deploy(id:269ac99c-4144-4ded-b144-3b5ae34e8cf2)" date="2025-08-20T21:56:40.663" >
          <step title="Collecting changeset information" date="2025-08-20T21:56:40.676" /><!-- duration: 99ms -->
          <step title="Updating submodules" date="2025-08-20T21:56:40.782" /><!-- duration: 1133ms -->
          <step title="Determining deployment builder" date="2025-08-20T21:56:42.121" >
            <step title="Builder is OneDeployBuilder" date="2025-08-20T21:56:42.125" /><!-- duration: 5ms -->
          </step><!-- duration: 15ms -->
          <step title="PreDeployment: context.CleanOutputPath False" date="2025-08-20T21:56:42.187" >
            <step title="PreDeployment: context.OutputPath /home/site/wwwroot" date="2025-08-20T21:56:42.331" >
              <step title="Building" date="2025-08-20T21:56:42.455" >
                <step title="Executing external process" date="2025-08-20T21:56:43.241" type="process" path="starter.sh" arguments="/opt/Kudu/Scripts/parallel_rsync.sh /tmp/zipdeploy/extracted /home/site/wwwroot 8 /tmp/ False False  " /><!-- duration: 3179ms -->
                <step title="Modified file to trigger a restart of the app container." date="2025-08-20T21:56:46.840" /><!-- duration: 4ms -->
                <step title="Skip function trigger and logicapp sync because function is not enabled." date="2025-08-20T21:56:46.848" /><!-- duration: 6ms -->
              </step><!-- duration: 5211ms -->
            </step><!-- duration: 5413ms -->
            <step title="Cleaning up temp files" date="2025-08-20T21:56:47.776" /><!-- duration: 18ms -->
            <step title="Cleaning up temp files" date="2025-08-20T21:56:47.815" /><!-- duration: 532ms -->
            <step title="Reloading status file with latest updates" date="2025-08-20T21:56:48.477" >
              <step title="WebHooksManager.PublishEventAsync: PostDeployment" date="2025-08-20T21:56:48.498" /><!-- duration: 273ms -->
            </step><!-- duration: 333ms -->
            <step title="Cleaning up temporary deployment - fetch deployment was successful" date="2025-08-20T21:56:48.850" /><!-- duration: 11ms -->
          </step><!-- duration: 6833ms -->
        </step><!-- duration: 8391ms -->
        <step title="Outgoing response" date="2025-08-20T21:56:49.113" type="response" statusCode="200" statusText="OK" /><!-- duration: 28ms -->
      </step><!-- duration: 8495ms -->
