<step title="Incoming Request" date="2025-08-20T21:50:19.700" instance="2c847a" url="/api/publish?type=zip" method="POST" type="request" pid="821,1,15" Accept="*/*" Host="enamel-georgia-api.scm.azurewebsites.net" User-Agent="AZURECLI/2.74.0 (HOMEBREW)" Accept-Encoding="gzip, deflate" Authorization="Bas..." Cache-Control="no-cache" Content-Type="application/octet-stream" Cookie="ARRAffinity=2c847a802c8040b33d7df73fac3a50614d8069754a88be4922fa1677ca17ce3d; ARRAffinitySameSite=2c847a802c8040b33d7df73fac3a50614d8069754a88be4922fa1677ca17ce3d" Content-Length="155283" x-ms-client-request-id="a49bb1a2-7e0f-11f0-aadd-de9a4dfc69bb" x-ms-artifact-checksum="fe88319bdb0775c72c5fee3a714cca9b91172e951fdf67e66aa3f302d8ec2b55" X-ARR-LOG-ID="a49bb1a2-7e0f-11f0-aadd-de9a4dfc69bb" CLIENT-IP="86.245.77.77:64134" X-SITE-DEPLOYMENT-ID="enamel-georgia-api" WAS-DEFAULT-HOSTNAME="enamel-georgia-api.scm.azurewebsites.net" X-Forwarded-Proto="https" X-AppService-Proto="https" X-Forwarded-TlsVersion="1.3" X-WAWS-Unencoded-URL="/api/publish?type=zip" X-Client-IP="86.245.77.77" X-Client-Port="64134" >
  <step title="OneDeploy" date="2025-08-20T21:50:19.821" >
    <step title="None repository commit" date="2025-08-20T21:50:19.899" >
      <step title="Commit id: 70a01783-5738-43e7-9a83-3e37c4330cc5" date="2025-08-20T21:50:19.921" Message="N/A" AuthorName="N/A" AuthorEmail="N/A" /><!-- duration: 27ms -->
    </step><!-- duration: 63ms -->
    <step title="Starting PushDeployAsync" date="2025-08-20T21:50:19.990" /><!-- duration: 22ms -->
    <step title="Writing artifact to /tmp/zipdeploy/53c5e8b8-3c31-4cce-ad73-2cdbb8c10df1.zip" date="2025-08-20T21:50:20.072" >
      <step title="Writing multipart request body to /tmp/zipdeploy/53c5e8b8-3c31-4cce-ad73-2cdbb8c10df1.zip" date="2025-08-20T21:50:20.100" /><!-- duration: 40ms -->
    </step><!-- duration: 329ms -->
    <step title="None repository commit" date="2025-08-20T21:50:20.443" >
      <step title="Commit id: 70a01783-5738-43e7-9a83-3e37c4330cc5" date="2025-08-20T21:50:20.554" Message="N/A" AuthorName="N/A" AuthorEmail="N/A" /><!-- duration: 18ms -->
    </step><!-- duration: 140ms -->
    <step title="Attempting to fetch target branch HEAD" date="2025-08-20T21:50:20.634" /><!-- duration: 10ms -->
    <step title="Acquiring Deployment Lock" date="2025-08-20T21:50:20.665" /><!-- duration: 10ms -->
    <step title="Acquired Deployment Lock" date="2025-08-20T21:50:20.743" /><!-- duration: 22ms -->
    <step title="None repository commit" date="2025-08-20T21:50:20.775" >
      <step title="Commit id: 70a01783-5738-43e7-9a83-3e37c4330cc5" date="2025-08-20T21:50:20.785" Message="N/A" AuthorName="N/A" AuthorEmail="N/A" /><!-- duration: 8ms -->
    </step><!-- duration: 21ms -->
    <step title="Performing fetch based deployment" date="2025-08-20T21:50:20.824" >
      <step title="Creating temporary deployment" date="2025-08-20T21:50:20.966" /><!-- duration: 301ms -->
      <step title="Releasing Deployment Lock" date="2025-08-20T21:50:22.795" /><!-- duration: 18ms -->
      <step title="Cleaning up temp folders from previous zip deployments and extracting pushed zip file /tmp/zipdeploy/53c5e8b8-3c31-4cce-ad73-2cdbb8c10df1.zip (0.15 MB) to /tmp/zipdeploy/extracted" date="2025-08-20T21:50:23.025" >
        <step title="ChmodRecursive Process exited with total time taken in ms: 199" date="2025-08-20T21:50:23.778" /><!-- duration: 12ms -->
      </step><!-- duration: 774ms -->
      <step title="None repository commit" date="2025-08-20T21:50:23.847" >
        <step title="Commit id: 70a01783-5738-43e7-9a83-3e37c4330cc5" date="2025-08-20T21:50:23.859" Message="OneDeploy" AuthorName="N/A" AuthorEmail="N/A" /><!-- duration: 11ms -->
      </step><!-- duration: 49ms -->
      <step title="None repository commit" date="2025-08-20T21:50:25.951" >
        <step title="Commit id: 70a01783-5738-43e7-9a83-3e37c4330cc5" date="2025-08-20T21:50:26.091" Message="N/A" AuthorName="N/A" AuthorEmail="N/A" /><!-- duration: 40ms -->
      </step><!-- duration: 220ms -->
      <step title="Deployment timer started" date="2025-08-20T21:50:26.223" >
        <step title="DeploymentManager.Deploy(id:70a01783-5738-43e7-9a83-3e37c4330cc5)" date="2025-08-20T21:50:26.291" >
          <step title="Collecting changeset information" date="2025-08-20T21:50:26.434" /><!-- duration: 633ms -->
          <step title="Updating submodules" date="2025-08-20T21:50:27.106" /><!-- duration: 1285ms -->
          <step title="Determining deployment builder" date="2025-08-20T21:50:28.948" >
            <step title="Builder is OneDeployBuilder" date="2025-08-20T21:50:28.977" /><!-- duration: 19ms -->
          </step><!-- duration: 68ms -->
          <step title="PreDeployment: context.CleanOutputPath False" date="2025-08-20T21:50:29.087" >
            <step title="PreDeployment: context.OutputPath /home/site/wwwroot" date="2025-08-20T21:50:29.309" >
              <step title="Building" date="2025-08-20T21:50:29.710" >
                <step title="Executing external process" date="2025-08-20T21:50:31.832" type="process" path="starter.sh" arguments="/opt/Kudu/Scripts/parallel_rsync.sh /tmp/zipdeploy/extracted /home/site/wwwroot 8 /tmp/ False False  " /><!-- duration: 15705ms -->
                <step title="Modified file to trigger a restart of the app container." date="2025-08-20T21:50:48.794" /><!-- duration: 78ms -->
                <step title="Skip function trigger and logicapp sync because function is not enabled." date="2025-08-20T21:50:49.044" /><!-- duration: 31ms -->
                <step title="Purge deployment items" date="2025-08-20T21:50:50.622" >
                  <step title="Remove 67c784e3e, Failed, received at 08/20/2025 21:47:04" date="2025-08-20T21:50:50.803" /><!-- duration: 52ms -->
                </step><!-- duration: 281ms -->
              </step><!-- duration: 21826ms -->
            </step><!-- duration: 22320ms -->
            <step title="Cleaning up temp files" date="2025-08-20T21:50:51.729" /><!-- duration: 80ms -->
            <step title="Cleaning up temp files" date="2025-08-20T21:50:51.868" /><!-- duration: 575ms -->
            <step title="Reloading status file with latest updates" date="2025-08-20T21:50:52.643" >
              <step title="WebHooksManager.PublishEventAsync: PostDeployment" date="2025-08-20T21:50:52.662" /><!-- duration: 102ms -->
            </step><!-- duration: 190ms -->
            <step title="Cleaning up temporary deployment - fetch deployment was successful" date="2025-08-20T21:50:52.904" /><!-- duration: 23ms -->
          </step><!-- duration: 23999ms -->
        </step><!-- duration: 26835ms -->
        <step title="Outgoing response" date="2025-08-20T21:50:53.257" type="response" statusCode="200" statusText="OK" /><!-- duration: 28ms -->
      </step><!-- duration: 27084ms -->
