<step title="Incoming Request" date="2025-08-20T21:47:39.515" instance="2c847a" url="/api/zipdeploy?isAsync=true" method="POST" type="request" pid="821,1,20" Accept="*/*" Host="enamel-georgia-api.scm.azurewebsites.net" User-Agent="AZURECLI/2.74.0 (HOMEBREW)" Accept-Encoding="gzip, deflate" Authorization="Bas..." Cache-Control="no-cache" Content-Type="application/octet-stream" Cookie="ARRAffinity=2c847a802c8040b33d7df73fac3a50614d8069754a88be4922fa1677ca17ce3d; ARRAffinitySameSite=2c847a802c8040b33d7df73fac3a50614d8069754a88be4922fa1677ca17ce3d" Content-Length="155283" x-ms-client-request-id="44a8b5f6-7e0f-11f0-95dd-de9a4dfc69bb" x-ms-artifact-checksum="fe88319bdb0775c72c5fee3a714cca9b91172e951fdf67e66aa3f302d8ec2b55" X-ARR-LOG-ID="44a8b5f6-7e0f-11f0-95dd-de9a4dfc69bb" CLIENT-IP="86.245.77.77:63288" X-SITE-DEPLOYMENT-ID="enamel-georgia-api" WAS-DEFAULT-HOSTNAME="enamel-georgia-api.scm.azurewebsites.net" X-Forwarded-Proto="https" X-AppService-Proto="https" X-Forwarded-TlsVersion="1.3" X-WAWS-Unencoded-URL="/api/zipdeploy?isAsync=true" X-Client-IP="86.245.77.77" X-Client-Port="63288" >
  <step title="Cleanup Xml Logs" date="2025-08-20T21:47:39.644" /><!-- duration: 222ms -->
  <step title="ZipPushDeploy" date="2025-08-20T21:47:40.923" >
    <step title="ZipDeploy. Extract zip." date="2025-08-20T21:47:41.346" /><!-- duration: 148ms -->
    <step title="None repository commit" date="2025-08-20T21:47:41.978" >
      <step title="Commit id: 41b1a867-0f9e-488f-b876-6119a3cb27c2" date="2025-08-20T21:47:42.148" Message="N/A" AuthorName="N/A" AuthorEmail="N/A" /><!-- duration: 101ms -->
    </step><!-- duration: 364ms -->
    <step title="Starting PushDeployAsync" date="2025-08-20T21:47:42.422" /><!-- duration: 100ms -->
    <step title="Writing artifact to /tmp/zipdeploy/8a085be0-c52d-44eb-bea2-06cfa5a19604.zip" date="2025-08-20T21:47:42.664" >
      <step title="Writing multipart request body to /tmp/zipdeploy/8a085be0-c52d-44eb-bea2-06cfa5a19604.zip" date="2025-08-20T21:47:42.823" /><!-- duration: 70ms -->
    </step><!-- duration: 893ms -->
    <step title="None repository commit" date="2025-08-20T21:47:43.658" >
      <step title="Commit id: 41b1a867-0f9e-488f-b876-6119a3cb27c2" date="2025-08-20T21:47:43.717" Message="N/A" AuthorName="N/A" AuthorEmail="N/A" /><!-- duration: 51ms -->
    </step><!-- duration: 151ms -->
    <step title="Start deployment in the background" date="2025-08-20T21:47:43.890" >
      <step title="None repository commit" date="2025-08-20T21:47:43.990" >
        <step title="Commit id: 41b1a867-0f9e-488f-b876-6119a3cb27c2" date="2025-08-20T21:47:44.060" Message="N/A" AuthorName="N/A" AuthorEmail="N/A" /><!-- duration: 59ms -->
      </step><!-- duration: 201ms -->
      <step title="Acquiring Deployment Lock" date="2025-08-20T21:47:44.314" /><!-- duration: 128ms -->
      <step title="Cannot Acquire Deployment Lock already held" date="2025-08-20T21:47:44.515" /><!-- duration: 120ms -->
    </step><!-- duration: 2090ms -->
    <step title="There is a deployment currently in progress. Please try again when it completes." date="2025-08-20T21:47:46.060" /><!-- duration: 130ms -->
  </step><!-- duration: 5308ms -->
  <step title="Outgoing response" date="2025-08-20T21:47:46.485" type="response" statusCode="409" statusText="Conflict" /><!-- duration: 109ms -->
</step><!-- duration: 7299ms -->
